id-lactancia,id,arete,raza,fnacimiento,lactancia ,fconcepcion,fparto,fsecado,dur_lactancia,factor_ ajuste,servicios,natimuerto,aborto,produccion,produccion1,pre_2antes,pre_1antes,pre_mesparto,pre_1pos,pre_2pos,rad_2antes,rad_1antes,rad_mesparto,rad_1pos,rad_2pos,hums_2antes,hums_1antes,hums_mesparto,hums_1pos,hums_2pos
2-5,2,240,holstein,9/10/2002,5,9/20/2012,7/1/2013,9/18/2014,444,1,3,1,0,3447,3447,75.1,0.6,8.3,57.5,7.3,225,124.09277,224,225,124.159287,34.107981,30.156933,17.810381,10.943474,9.83416
5-8,5,301,f1,1/15/2003,8,9/20/2012,6/26/2013,8/9/2013,44,5.72,3,1,0,695,3975,106.2,75.1,0.6,8.3,57.5,224,163.367933,124.09277,224,225,30.406261,34.107981,30.156933,17.810381,10.943474
6-9,6,313,holstein,4/20/2003,9,1/10/2013,10/26/2013,8/30/2014,308,1,2,0,0,3946,3946,57.5,7.3,127.1,86.4,93.3,151.796259,124.159287,78.841416,151.796259,145.493762,10.943474,9.83416,19.360589,31.033565,30.319325
6-10,6,313,holstein,4/20/2003,10,2/14/2014,11/25/2014,7/21/2015,238,1.198,1,0,0,2799,3353,28.5,115.8,140.2,156.7,34.8,115.426871,204.998524,153.475103,115.426871,160.822302,9.83416,19.360589,31.033565,30.319325,25.41054
7-4,7,319,holstein,6/29/2003,4,2/16/2013,12/10/2013,8/6/2014,239,1.194,2,0,0,2424,2894,127.1,86.4,93.3,135.3,100.2,117.320127,151.796259,145.493762,117.320127,96.111466,19.360589,31.033565,30.319325,25.41054,33.877781
12-5,12,408,holstein,4/6/2004,5,8/12/2012,6/2/2013,8/9/2013,68,3.696,2,0,0,781,2887,106.2,75.1,0.6,8.3,57.5,224,163.367933,124.09277,224,225,30.406261,34.107981,30.156933,17.810381,10.943474
13-6,13,430,holstein,11/13/2004,6,4/4/2013,1/13/2014,7/7/2014,175,1.545,2,0,0,1505,2325,86.4,93.3,135.3,100.2,185.2,96.111466,145.493762,117.320127,96.111466,107.842418,31.033565,30.319325,25.41054,33.877781,37.902487
14-4,14,434,holstein,12/22/2004,4,7/9/2012,5/14/2013,4/25/2014,346,1,2,0,0,3220,3220,42.7,106.2,75.1,0.6,8.3,124.09277,157.32765,163.367933,124.09277,224,30.172386,30.406261,34.107981,30.156933,17.810381
15-5,15,435,holstein,12/31/2004,5,10/23/2012,8/6/2013,12/5/2014,486,1,2,0,0,3480,3480,0.6,8.3,57.5,7.3,127.1,124.159287,224,225,124.159287,78.841416,30.156933,17.810381,10.943474,9.83416,19.360589
16-5,16,514,holstein,4/6/2005,5,12/25/2012,10/9/2013,9/18/2014,344,1,1,0,0,4028,4028,57.5,7.3,127.1,86.4,93.3,151.796259,124.159287,78.841416,151.796259,145.493762,10.943474,9.83416,19.360589,31.033565,30.319325
18-3,18,535,holstein,11/10/2005,3,7/9/2012,4/20/2013,6/17/2013,58,4.316,3,0,0,902,3893,161.3,42.7,106.2,75.1,0.6,163.367933,119.121186,157.32765,163.367933,124.09277,33.831395,30.172386,30.406261,34.107981,30.156933
19-5,19,543,holstein,12/21/2005,5,6/7/2012,4/2/2013,7/22/2013,111,2.322,2,0,0,1025,2380,161.3,42.7,106.2,75.1,0.6,163.367933,119.121186,157.32765,163.367933,124.09277,33.831395,30.172386,30.406261,34.107981,30.156933
22-5,22,607,holstein,4/5/2006,5,5/7/2013,2/20/2014,9/28/2015,585,1,5,0,0,4441,4441,93.3,135.3,100.2,185.2,41.3,107.842418,117.320127,96.111466,107.842418,110.669392,30.319325,25.41054,33.877781,37.902487,31.886018
26-5,26,618,holstein,5/5/2006,5,11/2/2012,8/21/2013,6/27/2014,310,1,1,0,0,4383,4383,0.6,8.3,57.5,7.3,127.1,124.159287,224,225,124.159287,78.841416,30.156933,17.810381,10.943474,9.83416,19.360589
26-6,26,618,holstein,5/5/2006,6,12/17/2013,10/2/2014,8/28/2015,330,1,1,0,0,4705,4705,12.1,28.5,115.8,140.2,156.7,153.475103,228.495992,204.998524,153.475103,115.426871,10.943474,9.83416,19.360589,31.033565,30.319325
26-7,26,618,holstein,5/5/2006,7,2/9/2015,11/24/2015,3/21/2016,118,2.196,1,0,0,1687,3705,45.1,96.8,79.1,16.3,134.7,157.082374,269.336288,181.353285,157.082374,240.959574,6.151556,11.331658,20.086452,15.719301,18.099228
27-4,27,619,holstein,5/15/2006,4,2/4/2013,11/18/2013,4/19/2014,152,1.75,2,0,0,2137,3740,7.3,127.1,86.4,93.3,135.3,145.493762,78.841416,151.796259,145.493762,117.320127,9.83416,19.360589,31.033565,30.319325,25.41054
30-4,30,624,holstein,6/5/2006,4,5/23/2013,2/28/2014,6/25/2015,482,1,2,0,0,4323,4323,93.3,135.3,100.2,185.2,41.3,107.842418,117.320127,96.111466,107.842418,110.669392,30.319325,25.41054,33.877781,37.902487,31.886018
30-5,30,624,holstein,6/5/2006,5,12/29/2014,10/19/2015,3/9/2016,142,1.858,1,0,0,1819,3380,4.5,45.1,96.8,79.1,16.3,181.353285,273.122689,269.336288,181.353285,157.082374,7.829485,6.151556,11.331658,20.086452,15.719301
31-4,31,625,holstein,5/11/2006,4,1/9/2013,10/20/2013,7/7/2014,260,1.12,4,0,0,3546,3972,57.5,7.3,127.1,86.4,93.3,151.796259,124.159287,78.841416,151.796259,145.493762,10.943474,9.83416,19.360589,31.033565,30.319325
31-5,31,625,holstein,5/11/2006,5,12/17/2013,9/28/2014,6/25/2015,270,1.08,1,0,0,3714,4011,1.9,12.1,28.5,115.8,140.2,204.998524,248.538754,228.495992,204.998524,153.475103,17.810381,10.943474,9.83416,19.360589,31.033565
31-6,31,625,holstein,5/11/2006,6,3/5/2015,12/20/2015,9/16/2016,271,1.078,1,0,0,4003,4315,96.8,79.1,16.3,134.7,14.2,240.959574,181.353285,157.082374,240.959574,153.970939,11.331658,20.086452,15.719301,18.099228,18.801456
31-7,31,625,holstein,5/11/2006,7,3/15/2016,12/27/2016,6/14/2017,169,1.589,1,0,0,2356,3744,136.2,65.3,163.4,210.4,160.6,132.008991,152.85069,165.223938,132.008991,138.869953,32.669424,35.498488,38.008819,39.336882,39.080238
33-4,33,611,holstein,4/27/2006,4,9/6/2012,6/16/2013,5/16/2014,334,1,1,0,0,4341,4341,106.2,75.1,0.6,8.3,57.5,224,163.367933,124.09277,224,225,30.406261,34.107981,30.156933,17.810381,10.943474
33-5,33,611,holstein,4/27/2006,5,10/30/2013,8/8/2014,6/7/2016,669,1,2,0,0,3984,3984,22.2,1.9,12.1,28.5,115.8,228.495992,194.997911,248.538754,228.495992,204.998524,30.156933,17.810381,10.943474,9.83416,19.360589
35-5,35,631,f2,10/21/2006,5,10/24/2012,8/6/2013,5/16/2014,283,1.051,1,0,0,4225,4440,0.6,8.3,57.5,7.3,127.1,124.159287,224,225,124.159287,78.841416,30.156933,17.810381,10.943474,9.83416,19.360589
35-6,35,631,f2,10/21/2006,6,9/30/2013,7/13/2014,9/21/2015,435,1,1,0,0,4423,4423,201.2,22.2,1.9,12.1,28.5,248.538754,143.468382,194.997911,248.538754,228.495992,36.82973,30.156933,17.810381,10.943474,9.83416
35-7,35,631,f2,10/21/2006,7,2/15/2015,12/7/2015,8/18/2017,620,1,3,0,0,4811,4811,96.8,79.1,16.3,134.7,14.2,240.959574,181.353285,157.082374,240.959574,153.970939,11.331658,20.086452,15.719301,18.099228,18.801456
36-4,36,633,holstein,11/1/2006,4,5/6/2012,2/18/2013,3/25/2014,400,1,2,0,0,4446,4446,51.9,33.7,161.3,42.7,106.2,119.121186,179.373499,174.839676,119.121186,157.32765,43.884691,30.688658,33.831395,30.172386,30.406261
36-5,36,633,holstein,11/1/2006,5,10/23/2013,7/30/2014,4/29/2015,273,1.074,3,0,0,3453,3709,201.2,22.2,1.9,12.1,28.5,248.538754,143.468382,194.997911,248.538754,228.495992,36.82973,30.156933,17.810381,10.943474,9.83416
36-6,36,633,holstein,11/1/2006,6,9/2/2014,6/22/2015,10/7/2015,107,2.403,1,0,0,1334,3206,41.2,40.1,7.6,18.1,4.5,226.188808,163.056247,161.170368,226.188808,208.829276,25.632203,20.728636,16.038856,10.593604,7.829485
37-4,37,637,holstein,12/27/2006,4,2/4/2013,11/20/2013,12/30/2014,405,1,2,0,0,3342,3342,7.3,127.1,86.4,93.3,135.3,145.493762,78.841416,151.796259,145.493762,117.320127,9.83416,19.360589,31.033565,30.319325,25.41054
38-3,38,701,holstein,3/28/2007,3,9/9/2012,6/19/2013,3/12/2014,266,1.096,4,0,0,3555,3896,106.2,75.1,0.6,8.3,57.5,224,163.367933,124.09277,224,225,30.406261,34.107981,30.156933,17.810381,10.943474
38-4,38,701,holstein,3/28/2007,4,10/23/2013,8/1/2014,4/2/2015,244,1.174,1,0,0,2434,2858,22.2,1.9,12.1,28.5,115.8,228.495992,194.997911,248.538754,228.495992,204.998524,30.156933,17.810381,10.943474,9.83416,19.360589
39-4,39,702,holstein,4/3/2007,4,12/9/2013,9/10/2014,12/3/2015,449,1,5,0,0,3809,3809,1.9,12.1,28.5,115.8,140.2,204.998524,248.538754,228.495992,204.998524,153.475103,17.810381,10.943474,9.83416,19.360589,31.033565
40-4,40,703,holstein,4/4/2007,4,8/5/2012,5/21/2013,8/12/2014,448,1,1,0,0,3695,3695,42.7,106.2,75.1,0.6,8.3,124.09277,157.32765,163.367933,124.09277,224,30.172386,30.406261,34.107981,30.156933,17.810381
40-5,40,703,holstein,4/4/2007,5,3/7/2014,12/18/2014,10/19/2015,305,1,2,0,0,4196,4196,115.8,140.2,156.7,34.8,87.5,160.822302,153.475103,115.426871,160.822302,165.790468,19.360589,31.033565,30.319325,25.41054,28.050412
44-4,44,714,holstein,5/23/2007,4,9/30/2012,7/7/2013,9/18/2014,438,1,1,0,0,3708,3708,75.1,0.6,8.3,57.5,7.3,225,124.09277,224,225,124.159287,34.107981,30.156933,17.810381,10.943474,9.83416
46-3,46,717,holstein,6/7/2007,3,3/7/2014,12/18/2014,12/3/2015,350,1,3,0,0,4209,4209,115.8,140.2,156.7,34.8,87.5,160.822302,153.475103,115.426871,160.822302,165.790468,19.360589,31.033565,30.319325,25.41054,28.050412
46-4,46,717,holstein,6/7/2007,4,10/22/2015,8/6/2016,8/18/2017,377,1,7,0,0,4224,4224,40.7,4.6,19,57,136.2,275.126145,194.639684,209.441483,275.126145,209.458354,37.592718,30.77912,23.424803,18.522819,32.669424
48-3,48,719,holstein,6/15/2007,3,4/7/2012,1/23/2013,9/18/2014,603,1,1,1,0,4031,4031,124.7,51.9,33.7,161.3,42.7,174.839676,142.60203,179.373499,174.839676,119.121186,42.085366,43.884691,30.688658,33.831395,30.172386
49-4,49,721,holstein,6/23/2007,4,4/12/2013,1/21/2014,2/27/2015,402,1,2,0,0,4241,4241,86.4,93.3,135.3,100.2,185.2,96.111466,145.493762,117.320127,96.111466,107.842418,31.033565,30.319325,25.41054,33.877781,37.902487
49-5,49,721,holstein,6/23/2007,5,8/7/2014,5/17/2015,7/13/2016,423,1,1,0,0,4193,4193,166.8,41.2,40.1,7.6,18.1,161.170368,130.743594,163.056247,161.170368,226.188808,33.118921,25.632203,20.728636,16.038856,10.593604
50-3,50,727,f2,10/23/2007,3,11/29/2012,9/14/2013,5/16/2014,244,1.174,1,0,0,3982,4675,8.3,57.5,7.3,127.1,86.4,78.841416,225,124.159287,78.841416,151.796259,17.810381,10.943474,9.83416,19.360589,31.033565
50-4,50,727,f2,10/23/2007,4,10/27/2013,8/3/2014,2/27/2015,208,1.332,1,0,0,4290,5714,22.2,1.9,12.1,28.5,115.8,228.495992,194.997911,248.538754,228.495992,204.998524,30.156933,17.810381,10.943474,9.83416,19.360589
50-5,50,727,f2,10/23/2007,5,10/7/2014,5/17/2015,5/17/2016,366,1,1,0,0,3380,3380,166.8,41.2,40.1,7.6,18.1,161.170368,130.743594,163.056247,161.170368,226.188808,33.118921,25.632203,20.728636,16.038856,10.593604
50-6,50,727,f2,10/23/2007,6,10/30/2015,8/6/2016,7/17/2017,345,1,2,0,0,2007,2007,40.7,4.6,19,57,136.2,275.126145,194.639684,209.441483,275.126145,209.458354,37.592718,30.77912,23.424803,18.522819,32.669424
53-2,53,735,holstein,12/15/2007,2,8/30/2012,6/14/2013,9/24/2014,467,1,6,0,0,5095,5095,106.2,75.1,0.6,8.3,57.5,224,163.367933,124.09277,224,225,30.406261,34.107981,30.156933,17.810381,10.943474
53-3,53,735,holstein,12/15/2007,3,5/9/2014,2/10/2015,12/11/2015,304,1.002,4,0,0,5439,5450,156.7,34.8,87.5,166.8,41.2,152.302829,160.822302,165.790468,152.302829,130.743594,30.319325,25.41054,28.050412,33.118921,25.632203
54-3,54,737,holstein,12/20/2007,3,8/5/2012,5/17/2013,9/24/2014,495,1,1,0,0,3631,3631,42.7,106.2,75.1,0.6,8.3,124.09277,157.32765,163.367933,124.09277,224,30.172386,30.406261,34.107981,30.156933,17.810381
55-3,55,802,holstein,4/1/2008,3,9/21/2012,7/13/2013,5/16/2014,307,1,2,0,0,3754,3754,75.1,0.6,8.3,57.5,7.3,225,124.09277,224,225,124.159287,34.107981,30.156933,17.810381,10.943474,9.83416
55-4,55,802,holstein,4/1/2008,4,10/5/2013,7/25/2014,9/21/2015,423,1,1,0,0,3381,3381,201.2,22.2,1.9,12.1,28.5,248.538754,143.468382,194.997911,248.538754,228.495992,36.82973,30.156933,17.810381,10.943474,9.83416
55-5,55,802,holstein,4/1/2008,5,3/13/2015,1/9/2016,9/20/2016,255,1.135,4,0,0,3203,3635,79.1,16.3,134.7,14.2,92.1,153.970939,157.082374,240.959574,153.970939,172.327754,20.086452,15.719301,18.099228,18.801456,34.59026
56-3,56,806,holstein,4/17/2008,3,11/2/2012,8/6/2013,12/30/2014,511,1,1,0,0,4000,4000,0.6,8.3,57.5,7.3,127.1,124.159287,224,225,124.159287,78.841416,30.156933,17.810381,10.943474,9.83416,19.360589
56-4,56,806,holstein,4/17/2008,4,7/19/2014,4/30/2015,4/7/2016,343,1,1,0,0,4672,4672,87.5,166.8,41.2,40.1,7.6,163.056247,152.302829,130.743594,163.056247,161.170368,28.050412,33.118921,25.632203,20.728636,16.038856
56-5,56,806,holstein,4/17/2008,5,8/18/2015,6/4/2016,11/1/2017,515,1,1,0,0,4307,4307,33.4,48.6,40.7,4.6,19,194.639684,156.660464,178.601878,194.639684,209.441483,40.011884,38.780553,37.592718,30.77912,23.424803
57-2,57,809,holstein,4/23/2008,2,5/13/2012,2/25/2013,3/5/2014,373,1,2,0,0,3875,3875,51.9,33.7,161.3,42.7,106.2,119.121186,179.373499,174.839676,119.121186,157.32765,43.884691,30.688658,33.831395,30.172386,30.406261
57-3,57,809,holstein,4/23/2008,3,8/24/2013,6/3/2014,9/21/2015,475,1,1,0,0,4291,4291,41.3,201.2,22.2,1.9,12.1,194.997911,173.506239,143.468382,194.997911,248.538754,31.886018,36.82973,30.156933,17.810381,10.943474
57-4,57,809,holstein,4/23/2008,4,2/17/2015,12/7/2015,8/18/2017,620,1,3,0,0,4593,4593,96.8,79.1,16.3,134.7,14.2,240.959574,181.353285,157.082374,240.959574,153.970939,11.331658,20.086452,15.719301,18.099228,18.801456
59-3,59,816,holstein,6/15/2008,3,9/10/2012,6/24/2013,2/5/2014,226,1.246,1,0,0,2587,3223,106.2,75.1,0.6,8.3,57.5,224,163.367933,124.09277,224,225,30.406261,34.107981,30.156933,17.810381,10.943474
59-4,59,816,holstein,6/15/2008,4,8/13/2013,5/27/2014,2/19/2015,268,1.088,1,0,0,3045,3313,185.2,41.3,201.2,22.2,1.9,143.468382,110.669392,173.506239,143.468382,194.997911,37.902487,31.886018,36.82973,30.156933,17.810381
59-5,59,816,holstein,6/15/2008,5,7/17/2014,5/5/2015,1/8/2016,248,1.158,1,0,0,2885,3341,166.8,41.2,40.1,7.6,18.1,161.170368,130.743594,163.056247,161.170368,226.188808,33.118921,25.632203,20.728636,16.038856,10.593604
60-2,60,823,f2,9/15/2008,2,7/27/2012,5/6/2013,3/25/2014,323,1,1,0,0,3909,3909,42.7,106.2,75.1,0.6,8.3,124.09277,157.32765,163.367933,124.09277,224,30.172386,30.406261,34.107981,30.156933,17.810381
60-3,60,823,f2,9/15/2008,3,8/27/2013,6/1/2014,9/21/2015,477,1,1,0,0,4765,4765,41.3,201.2,22.2,1.9,12.1,194.997911,173.506239,143.468382,194.997911,248.538754,31.886018,36.82973,30.156933,17.810381,10.943474
60-4,60,823,f2,9/15/2008,4,1/27/2015,11/6/2015,9/30/2016,329,1,2,0,0,3959,3959,45.1,96.8,79.1,16.3,134.7,157.082374,269.336288,181.353285,157.082374,240.959574,6.151556,11.331658,20.086452,15.719301,18.099228
60-5,60,823,f2,9/15/2008,5,3/24/2016,1/3/2017,6/11/2017,159,1.68,1,0,0,2451,4118,65.3,163.4,210.4,160.6,273.8,138.869953,165.223938,132.008991,138.869953,127.815019,35.498488,38.008819,39.336882,39.080238,40.939281
61-3,61,825,holstein,10/12/2008,3,7/14/2012,4/23/2013,11/20/2013,211,1.315,2,0,0,1881,2474,161.3,42.7,106.2,75.1,0.6,163.367933,119.121186,157.32765,163.367933,124.09277,33.831395,30.172386,30.406261,34.107981,30.156933
62-3,62,826,holstein,10/17/2008,3,5/23/2013,3/7/2014,5/19/2015,438,1,1,0,0,4309,4309,135.3,100.2,185.2,41.3,201.2,110.669392,96.111466,107.842418,110.669392,173.506239,25.41054,33.877781,37.902487,31.886018,36.82973
62-4,62,826,holstein,10/17/2008,4,10/30/2014,8/17/2015,12/28/2016,499,1,1,0,0,4239,4239,7.6,18.1,4.5,45.1,96.8,273.122689,226.188808,208.829276,273.122689,269.336288,16.038856,10.593604,7.829485,6.151556,11.331658
64-3,64,829,holstein,10/24/2008,3,7/17/2013,4/27/2014,4/10/2015,348,1,4,0,0,4008,4008,100.2,185.2,41.3,201.2,22.2,173.506239,107.842418,110.669392,173.506239,143.468382,33.877781,37.902487,31.886018,36.82973,30.156933
64-4,64,829,holstein,10/24/2008,4,9/2/2014,6/13/2015,8/29/2016,443,1,2,0,0,3841,3841,41.2,40.1,7.6,18.1,4.5,226.188808,163.056247,161.170368,226.188808,208.829276,25.632203,20.728636,16.038856,10.593604,7.829485
66-3,66,833,holstein,12/10/2008,3,4/12/2013,1/18/2014,5/13/2015,480,1,1,0,0,3718,3718,86.4,93.3,135.3,100.2,185.2,96.111466,145.493762,117.320127,96.111466,107.842418,31.033565,30.319325,25.41054,33.877781,37.902487
66-4,66,833,holstein,12/10/2008,4,10/12/2014,7/29/2015,4/20/2017,631,1,3,0,0,3976,3976,40.1,7.6,18.1,4.5,45.1,208.829276,161.170368,226.188808,208.829276,273.122689,20.728636,16.038856,10.593604,7.829485,6.151556
66-5,66,833,holstein,12/10/2008,5,10/6/2016,7/25/2017,11/1/2017,99,2.577,1,0,0,1285,3311,90.5,74.7,5.4,22.1,22.2,254.3475,19.739858,181.074738,254.3475,216.143271,40.018546,37.712208,31.195986,22.756909,18.13959
67-3,67,834,holstein,12/11/2008,3,7/28/2012,5/7/2013,3/5/2014,302,1.006,1,0,0,3802,3825,42.7,106.2,75.1,0.6,8.3,124.09277,157.32765,163.367933,124.09277,224,30.172386,30.406261,34.107981,30.156933,17.810381
67-4,67,834,holstein,12/11/2008,4,8/25/2013,6/5/2014,5/19/2015,348,1,2,0,0,4411,4411,41.3,201.2,22.2,1.9,12.1,194.997911,173.506239,143.468382,194.997911,248.538754,31.886018,36.82973,30.156933,17.810381,10.943474
67-5,67,834,holstein,12/11/2008,5,11/4/2014,8/19/2015,10/10/2016,418,1,1,0,0,4356,4356,7.6,18.1,4.5,45.1,96.8,273.122689,226.188808,208.829276,273.122689,269.336288,16.038856,10.593604,7.829485,6.151556,11.331658
69-2,69,828,holstein,10/22/2008,2,9/17/2013,6/20/2014,5/13/2015,327,1,3,0,0,4716,4716,41.3,201.2,22.2,1.9,12.1,194.997911,173.506239,143.468382,194.997911,248.538754,31.886018,36.82973,30.156933,17.810381,10.943474
69-3,69,828,holstein,10/22/2008,3,10/14/2014,7/20/2015,7/15/2016,361,1,1,0,0,5395,5395,40.1,7.6,18.1,4.5,45.1,208.829276,161.170368,226.188808,208.829276,273.122689,20.728636,16.038856,10.593604,7.829485,6.151556
69-4,69,828,holstein,10/22/2008,4,2/10/2016,11/20/2016,3/31/2017,131,1.997,2,0,0,1591,3177,57,136.2,65.3,163.4,210.4,165.223938,209.458354,152.85069,165.223938,132.008991,18.522819,32.669424,35.498488,38.008819,39.336882
72-1,72,902,holstein,3/27/2009,1,8/13/2013,5/22/2014,2/13/2015,267,1.092,2,0,0,4752,5189,185.2,41.3,201.2,22.2,1.9,143.468382,110.669392,173.506239,143.468382,194.997911,37.902487,31.886018,36.82973,30.156933,17.810381
72-2,72,902,holstein,3/27/2009,2,7/19/2014,4/26/2015,4/7/2016,347,1,1,0,0,5762,5762,87.5,166.8,41.2,40.1,7.6,163.056247,152.302829,130.743594,163.056247,161.170368,28.050412,33.118921,25.632203,20.728636,16.038856
72-3,72,902,holstein,3/27/2009,3,9/8/2015,6/7/2016,11/1/2017,512,1,1,1,0,4169,4169,33.4,48.6,40.7,4.6,19,194.639684,156.660464,178.601878,194.639684,209.441483,40.011884,38.780553,37.592718,30.77912,23.424803
73-2,73,903,holstein,4/8/2009,2,12/16/2012,9/27/2013,8/30/2014,337,1,1,0,0,3035,3035,8.3,57.5,7.3,127.1,86.4,78.841416,225,124.159287,78.841416,151.796259,17.810381,10.943474,9.83416,19.360589,31.033565
75-2,75,905,holstein,4/10/2009,2,4/7/2012,1/21/2013,8/9/2013,200,1.38,1,0,0,1900,2622,124.7,51.9,33.7,161.3,42.7,174.839676,142.60203,179.373499,174.839676,119.121186,42.085366,43.884691,30.688658,33.831395,30.172386
78-2,78,909,f1,5/1/2009,2,10/25/2012,8/18/2013,7/1/2014,317,1,2,0,0,3191,3191,0.6,8.3,57.5,7.3,127.1,124.159287,224,225,124.159287,78.841416,30.156933,17.810381,10.943474,9.83416,19.360589
80-1,80,911,f1,5/10/2009,1,4/24/2012,2/9/2013,11/8/2013,272,1.076,1,1,0,3494,3760,51.9,33.7,161.3,42.7,106.2,119.121186,179.373499,174.839676,119.121186,157.32765,43.884691,30.688658,33.831395,30.172386,30.406261
80-2,80,911,f1,5/10/2009,2,4/16/2013,1/24/2014,4/10/2015,441,1,1,0,0,4024,4024,86.4,93.3,135.3,100.2,185.2,96.111466,145.493762,117.320127,96.111466,107.842418,31.033565,30.319325,25.41054,33.877781,37.902487
80-3,80,911,f1,5/10/2009,3,9/21/2014,7/15/2015,4/7/2016,267,1.092,1,0,0,3797,4146,40.1,7.6,18.1,4.5,45.1,208.829276,161.170368,226.188808,208.829276,273.122689,20.728636,16.038856,10.593604,7.829485,6.151556
80-4,80,911,f1,5/10/2009,4,9/11/2015,7/4/2016,11/1/2017,485,1,1,0,0,3842,3842,48.6,40.7,4.6,19,57,209.441483,178.601878,194.639684,209.441483,275.126145,38.780553,37.592718,30.77912,23.424803,18.522819
81-2,81,912,f1,5/15/2009,2,4/8/2012,1/24/2013,3/5/2014,405,1,1,0,0,3715,3715,124.7,51.9,33.7,161.3,42.7,174.839676,142.60203,179.373499,174.839676,119.121186,42.085366,43.884691,30.688658,33.831395,30.172386
81-3,81,912,f1,5/15/2009,3,8/24/2013,6/6/2014,9/21/2015,472,1,2,0,0,4362,4362,41.3,201.2,22.2,1.9,12.1,194.997911,173.506239,143.468382,194.997911,248.538754,31.886018,36.82973,30.156933,17.810381,10.943474
81-4,81,912,f1,5/15/2009,4,3/13/2015,1/4/2016,4/20/2017,472,1,1,0,0,4358,4358,79.1,16.3,134.7,14.2,92.1,153.970939,157.082374,240.959574,153.970939,172.327754,20.086452,15.719301,18.099228,18.801456,34.59026
82-2,82,915,f1,6/20/2009,2,7/12/2012,4/25/2013,1/3/2014,253,1.141,2,0,0,2590,2955,161.3,42.7,106.2,75.1,0.6,163.367933,119.121186,157.32765,163.367933,124.09277,33.831395,30.172386,30.406261,34.107981,30.156933
82-3,82,915,f1,6/20/2009,3,7/17/2013,4/26/2014,12/5/2014,223,1.258,1,0,0,2577,3242,100.2,185.2,41.3,201.2,22.2,173.506239,107.842418,110.669392,173.506239,143.468382,33.877781,37.902487,31.886018,36.82973,30.156933
84-2,84,917,f1,10/19/2009,2,6/17/2012,4/3/2013,1/28/2014,300,1.01,3,0,0,3580,3616,161.3,42.7,106.2,75.1,0.6,163.367933,119.121186,157.32765,163.367933,124.09277,33.831395,30.172386,30.406261,34.107981,30.156933
84-3,84,917,f1,10/19/2009,3,7/17/2013,4/29/2014,4/10/2015,346,1,1,0,0,3706,3706,100.2,185.2,41.3,201.2,22.2,173.506239,107.842418,110.669392,173.506239,143.468382,33.877781,37.902487,31.886018,36.82973,30.156933
84-4,84,917,f1,10/19/2009,4,9/10/2014,6/25/2015,6/7/2016,348,1,1,0,0,3762,3762,41.2,40.1,7.6,18.1,4.5,226.188808,163.056247,161.170368,226.188808,208.829276,25.632203,20.728636,16.038856,10.593604,7.829485
84-5,84,917,f1,10/19/2009,5,12/13/2015,9/26/2016,6/13/2017,260,1.12,1,0,0,2818,3156,4.6,19,57,136.2,65.3,209.458354,209.441483,275.126145,209.458354,152.85069,30.77912,23.424803,18.522819,32.669424,35.498488
85-2,85,918,f1,10/23/2009,2,9/14/2012,10/9/2013,8/30/2014,325,1,2,0,0,3482,3482,57.5,7.3,127.1,86.4,93.3,151.796259,124.159287,78.841416,151.796259,145.493762,10.943474,9.83416,19.360589,31.033565,30.319325
85-3,85,918,f1,10/23/2009,3,2/14/2014,11/24/2014,10/7/2015,317,1,1,0,0,3307,3307,28.5,115.8,140.2,156.7,34.8,115.426871,204.998524,153.475103,115.426871,160.822302,9.83416,19.360589,31.033565,30.319325,25.41054
85-4,85,918,f1,10/23/2009,4,5/21/2015,3/1/2016,11/9/2016,253,1.141,3,0,0,3218,3672,134.7,14.2,92.1,33.4,48.6,142.405559,153.970939,172.327754,142.405559,156.660464,18.099228,18.801456,34.59026,40.011884,38.780553
86-2,86,919,f1,10/25/2009,2,7/25/2013,5/8/2014,6/25/2015,413,1,4,0,0,3994,3994,185.2,41.3,201.2,22.2,1.9,143.468382,110.669392,173.506239,143.468382,194.997911,37.902487,31.886018,36.82973,30.156933,17.810381
86-3,86,919,f1,10/25/2009,3,12/8/2014,9/22/2015,10/10/2016,384,1,1,0,0,4718,4718,18.1,4.5,45.1,96.8,79.1,269.336288,208.829276,273.122689,269.336288,181.353285,10.593604,7.829485,6.151556,11.331658,20.086452
86-4,86,919,f1,10/25/2009,4,3/24/2016,1/7/2017,7/5/2018,544,1,1,0,0,4200,4200,65.3,163.4,210.4,160.6,273.8,138.869953,165.223938,132.008991,138.869953,127.815019,35.498488,38.008819,39.336882,39.080238,40.939281
87-2,87,920,f1,11/1/2009,2,6/28/2012,4/9/2013,3/5/2014,330,1,1,0,0,3164,3164,161.3,42.7,106.2,75.1,0.6,163.367933,119.121186,157.32765,163.367933,124.09277,33.831395,30.172386,30.406261,34.107981,30.156933
87-3,87,920,f1,11/1/2009,3,1/7/2014,10/22/2014,9/21/2015,334,1,3,0,0,4065,4065,12.1,28.5,115.8,140.2,156.7,153.475103,228.495992,204.998524,153.475103,115.426871,10.943474,9.83416,19.360589,31.033565,30.319325
87-4,87,920,f1,11/1/2009,4,2/18/2015,12/12/2015,3/1/2017,445,1,1,0,0,4285,4285,96.8,79.1,16.3,134.7,14.2,240.959574,181.353285,157.082374,240.959574,153.970939,11.331658,20.086452,15.719301,18.099228,18.801456
88-2,88,925,f1,12/7/2009,2,12/10/2012,9/23/2013,10/17/2014,389,1,1,0,0,3806,3806,8.3,57.5,7.3,127.1,86.4,78.841416,225,124.159287,78.841416,151.796259,17.810381,10.943474,9.83416,19.360589,31.033565
88-3,88,925,f1,12/7/2009,3,6/6/2014,3/20/2015,3/9/2016,355,1,2,0,0,4326,4326,34.8,87.5,166.8,41.2,40.1,130.743594,165.790468,152.302829,130.743594,163.056247,25.41054,28.050412,33.118921,25.632203,20.728636
88-4,88,925,f1,12/7/2009,4,8/25/2015,6/10/2016,4/28/2017,322,1,2,0,0,3677,3677,33.4,48.6,40.7,4.6,19,194.639684,156.660464,178.601878,194.639684,209.441483,40.011884,38.780553,37.592718,30.77912,23.424803
89-2,89,926,f1,12/12/2009,2,10/17/2012,8/6/2013,2/13/2015,556,1,2,0,0,3398,3398,0.6,8.3,57.5,7.3,127.1,124.159287,224,225,124.159287,78.841416,30.156933,17.810381,10.943474,9.83416,19.360589
89-3,89,926,f1,12/12/2009,3,8/15/2014,5/25/2015,4/7/2016,318,1,3,0,0,3821,3821,166.8,41.2,40.1,7.6,18.1,161.170368,130.743594,163.056247,161.170368,226.188808,33.118921,25.632203,20.728636,16.038856,10.593604
89-4,89,926,f1,12/12/2009,4,8/24/2015,6/4/2016,9/12/2017,465,1,1,0,0,4081,4081,33.4,48.6,40.7,4.6,19,194.639684,156.660464,178.601878,194.639684,209.441483,40.011884,38.780553,37.592718,30.77912,23.424803
91-2,91,1002,f1,4/6/2010,2,9/26/2014,7/5/2015,4/7/2016,277,1.066,6,0,0,3913,4171,40.1,7.6,18.1,4.5,45.1,208.829276,161.170368,226.188808,208.829276,273.122689,20.728636,16.038856,10.593604,7.829485,6.151556
91-3,91,1002,f1,4/6/2010,3,9/17/2015,7/10/2016,9/28/2017,445,1,1,0,0,4154,4154,48.6,40.7,4.6,19,57,209.441483,178.601878,194.639684,209.441483,275.126145,38.780553,37.592718,30.77912,23.424803,18.522819
92-2,92,1003,f1,4/13/2010,2,2/13/2014,11/26/2014,1/8/2016,408,1,5,0,0,4613,4613,28.5,115.8,140.2,156.7,34.8,115.426871,204.998524,153.475103,115.426871,160.822302,9.83416,19.360589,31.033565,30.319325,25.41054
92-3,92,1003,f1,4/13/2010,3,7/22/2015,5/1/2016,8/4/2017,460,1,3,0,0,6354,6354,92.1,33.4,48.6,40.7,4.6,178.601878,142.405559,156.660464,178.601878,194.639684,34.59026,40.011884,38.780553,37.592718,30.77912
93-2,93,1006,f1,4/15/2010,2,5/23/2013,3/13/2014,6/7/2016,817,1,1,0,0,3710,3710,135.3,100.2,185.2,41.3,201.2,110.669392,96.111466,107.842418,110.669392,173.506239,25.41054,33.877781,37.902487,31.886018,36.82973
96-2,96,1009,f1,4/30/2010,2,4/2/2013,1/18/2014,12/30/2014,346,1,1,0,0,4110,4110,86.4,93.3,135.3,100.2,185.2,96.111466,145.493762,117.320127,96.111466,107.842418,31.033565,30.319325,25.41054,33.877781,37.902487
96-3,96,1009,f1,4/30/2010,3,6/26/2014,4/4/2015,6/21/2016,444,1,2,0,0,3926,3926,87.5,166.8,41.2,40.1,7.6,163.056247,152.302829,130.743594,163.056247,161.170368,28.050412,33.118921,25.632203,20.728636,16.038856
96-4,96,1009,f1,4/30/2010,4,12/26/2015,10/10/2016,12/20/2017,436,1,3,0,0,4198,4198,19,57,136.2,65.3,163.4,152.85069,275.126145,209.458354,152.85069,165.223938,23.424803,18.522819,32.669424,35.498488,38.008819
97-2,97,1010,f1,4/30/2010,2,10/29/2013,8/7/2014,9/21/2015,410,1,1,0,0,3808,3808,22.2,1.9,12.1,28.5,115.8,228.495992,194.997911,248.538754,228.495992,204.998524,30.156933,17.810381,10.943474,9.83416,19.360589
98-1,98,1011,f3 ,4/30/2010,1,7/4/2012,4/17/2013,8/6/2014,476,1,1,0,0,3276,3276,161.3,42.7,106.2,75.1,0.6,163.367933,119.121186,157.32765,163.367933,124.09277,33.831395,30.172386,30.406261,34.107981,30.156933
98-2,98,1011,f3 ,4/30/2010,2,1/9/2014,10/22/2014,9/21/2015,334,1,1,0,0,3368,3368,12.1,28.5,115.8,140.2,156.7,153.475103,228.495992,204.998524,153.475103,115.426871,10.943474,9.83416,19.360589,31.033565,30.319325
98-3,98,1011,f3 ,4/30/2010,3,3/21/2015,12/29/2015,12/8/2016,345,1,1,0,0,4058,4058,96.8,79.1,16.3,134.7,14.2,240.959574,181.353285,157.082374,240.959574,153.970939,11.331658,20.086452,15.719301,18.099228,18.801456
98-4,98,1011,f3 ,4/30/2010,4,5/11/2016,2/15/2017,10/4/2018,596,1,2,0,0,4044,4044,163.4,210.4,160.6,273.8,102.9,127.815019,132.008991,138.869953,127.815019,111.283267,38.008819,39.336882,39.080238,40.939281,39.508021
99-1,99,1012,f1,5/20/2010,1,7/4/2012,4/14/2013,1/3/2014,264,1.104,1,0,0,2712,2994,161.3,42.7,106.2,75.1,0.6,163.367933,119.121186,157.32765,163.367933,124.09277,33.831395,30.172386,30.406261,34.107981,30.156933
99-2,99,1012,f1,5/20/2010,2,6/7/2013,3/24/2014,12/30/2014,281,1.057,1,0,0,3086,3262,135.3,100.2,185.2,41.3,201.2,110.669392,96.111466,107.842418,110.669392,173.506239,25.41054,33.877781,37.902487,31.886018,36.82973
99-3,99,1012,f1,5/20/2010,3,7/10/2014,4/25/2015,2/15/2016,296,1.018,1,0,0,3649,3715,87.5,166.8,41.2,40.1,7.6,163.056247,152.302829,130.743594,163.056247,161.170368,28.050412,33.118921,25.632203,20.728636,16.038856
99-4,99,1012,f1,5/20/2010,4,9/1/2015,7/17/2016,4/20/2017,277,1.066,2,0,0,3456,3684,48.6,40.7,4.6,19,57,209.441483,178.601878,194.639684,209.441483,275.126145,38.780553,37.592718,30.77912,23.424803,18.522819
100-1,100,1014,holstein,5/30/2010,1,6/28/2013,4/11/2014,11/8/2016,942,1,2,0,0,3400,3400,100.2,185.2,41.3,201.2,22.2,173.506239,107.842418,110.669392,173.506239,143.468382,33.877781,37.902487,31.886018,36.82973,30.156933
101-1,101,1015,holstein,6/9/2010,1,7/12/2013,4/28/2014,2/27/2015,305,1,2,1,0,3616,3616,100.2,185.2,41.3,201.2,22.2,173.506239,107.842418,110.669392,173.506239,143.468382,33.877781,37.902487,31.886018,36.82973,30.156933
101-2,101,1015,holstein,6/9/2010,2,8/19/2014,6/8/2015,1/8/2016,214,1.3,1,0,0,2601,3381,41.2,40.1,7.6,18.1,4.5,226.188808,163.056247,161.170368,226.188808,208.829276,25.632203,20.728636,16.038856,10.593604,7.829485
103-1,103,1017,f1,6/25/2010,1,5/23/2012,3/11/2013,10/17/2014,585,1,1,0,0,3545,3545,33.7,161.3,42.7,106.2,75.1,157.32765,174.839676,119.121186,157.32765,163.367933,30.688658,33.831395,30.172386,30.406261,34.107981
103-2,103,1017,f1,6/25/2010,2,5/26/2014,3/4/2015,12/19/2015,290,1.03,2,0,0,4161,4286,34.8,87.5,166.8,41.2,40.1,130.743594,165.790468,152.302829,130.743594,163.056247,25.41054,28.050412,33.118921,25.632203,20.728636
103-3,103,1017,f1,6/25/2010,3,5/17/2015,2/25/2016,8/18/2017,540,1,1,0,0,4044,4044,16.3,134.7,14.2,92.1,33.4,172.327754,240.959574,153.970939,172.327754,142.405559,15.719301,18.099228,18.801456,34.59026,40.011884
104-1,104,1018,f1,7/5/2010,1,7/5/2012,4/18/2013,5/16/2014,393,1,1,0,0,3307,3307,161.3,42.7,106.2,75.1,0.6,163.367933,119.121186,157.32765,163.367933,124.09277,33.831395,30.172386,30.406261,34.107981,30.156933
104-2,104,1018,f1,7/5/2010,2,11/11/2013,8/23/2014,10/7/2015,410,1,1,0,0,3295,3295,22.2,1.9,12.1,28.5,115.8,228.495992,194.997911,248.538754,228.495992,204.998524,30.156933,17.810381,10.943474,9.83416,19.360589
104-3,104,1018,f1,7/5/2010,3,3/5/2015,12/24/2015,8/23/2016,243,1.178,1,0,0,3792,4467,96.8,79.1,16.3,134.7,14.2,240.959574,181.353285,157.082374,240.959574,153.970939,11.331658,20.086452,15.719301,18.099228,18.801456
105-1,105,1019,f1,10/2/2010,1,10/18/2012,8/6/2013,4/10/2015,612,1,2,0,0,3310,3310,0.6,8.3,57.5,7.3,127.1,124.159287,224,225,124.159287,78.841416,30.156933,17.810381,10.943474,9.83416,19.360589
105-2,105,1019,f1,10/2/2010,2,11/3/2014,8/10/2015,6/7/2016,302,1.006,2,0,0,3034,3052,7.6,18.1,4.5,45.1,96.8,273.122689,226.188808,208.829276,273.122689,269.336288,16.038856,10.593604,7.829485,6.151556,11.331658
105-3,105,1019,f1,10/2/2010,3,3/24/2016,1/5/2017,8/17/2018,589,1,3,0,0,3705,3705,65.3,163.4,210.4,160.6,273.8,138.869953,165.223938,132.008991,138.869953,127.815019,35.498488,38.008819,39.336882,39.080238,40.939281
107-1,107,1022,f1,10/7/2010,1,6/2/2012,3/15/2013,1/3/2014,294,1.022,1,0,0,3367,3441,33.7,161.3,42.7,106.2,75.1,157.32765,174.839676,119.121186,157.32765,163.367933,30.688658,33.831395,30.172386,30.406261,34.107981
107-2,107,1022,f1,10/7/2010,2,5/27/2013,3/9/2014,12/30/2014,296,1.018,1,0,0,3517,3580,135.3,100.2,185.2,41.3,201.2,110.669392,96.111466,107.842418,110.669392,173.506239,25.41054,33.877781,37.902487,31.886018,36.82973
107-3,107,1022,f1,10/7/2010,3,7/7/2014,4/17/2015,12/3/2015,230,1.23,1,0,0,2933,3608,87.5,166.8,41.2,40.1,7.6,163.056247,152.302829,130.743594,163.056247,161.170368,28.050412,33.118921,25.632203,20.728636,16.038856
108-1,108,1023,f1,10/10/2010,1,9/15/2012,6/24/2013,3/12/2014,261,1.116,1,0,0,2860,3192,106.2,75.1,0.6,8.3,57.5,224,163.367933,124.09277,224,225,30.406261,34.107981,30.156933,17.810381,10.943474
108-2,108,1023,f1,10/10/2010,2,7/25/2013,5/9/2014,2/27/2015,294,1.022,1,0,0,3292,3364,185.2,41.3,201.2,22.2,1.9,143.468382,110.669392,173.506239,143.468382,194.997911,37.902487,31.886018,36.82973,30.156933,17.810381
108-3,108,1023,f1,10/10/2010,3,9/3/2014,6/15/2015,11/3/2015,141,1.869,1,0,0,1771,3310,41.2,40.1,7.6,18.1,4.5,226.188808,163.056247,161.170368,226.188808,208.829276,25.632203,20.728636,16.038856,10.593604,7.829485
109-1,109,1024,f1,10/18/2010,1,1/9/2013,10/20/2013,12/22/2014,428,1,2,1,0,3551,3551,57.5,7.3,127.1,86.4,93.3,151.796259,124.159287,78.841416,151.796259,145.493762,10.943474,9.83416,19.360589,31.033565,30.319325
110-1,110,1025,f1,10/20/2010,1,1/31/2013,11/13/2013,2/13/2015,457,1,3,0,0,3471,3471,7.3,127.1,86.4,93.3,135.3,145.493762,78.841416,151.796259,145.493762,117.320127,9.83416,19.360589,31.033565,30.319325,25.41054
110-2,110,1025,f1,10/20/2010,2,9/1/2014,6/21/2015,6/13/2017,723,1,2,0,0,3635,3635,41.2,40.1,7.6,18.1,4.5,226.188808,163.056247,161.170368,226.188808,208.829276,25.632203,20.728636,16.038856,10.593604,7.829485
111-1,111,1026,f1,10/21/2010,1,9/20/2012,7/1/2013,5/16/2014,319,1,1,0,0,3625,3625,75.1,0.6,8.3,57.5,7.3,225,124.09277,224,225,124.159287,34.107981,30.156933,17.810381,10.943474,9.83416
111-2,111,1026,f1,10/21/2010,2,10/8/2013,7/21/2014,5/19/2015,302,1.006,1,0,0,3482,3503,201.2,22.2,1.9,12.1,28.5,248.538754,143.468382,194.997911,248.538754,228.495992,36.82973,30.156933,17.810381,10.943474,9.83416
111-3,111,1026,f1,10/21/2010,3,11/22/2014,9/7/2015,11/8/2017,793,1,1,0,0,4513,4513,18.1,4.5,45.1,96.8,79.1,269.336288,208.829276,273.122689,269.336288,181.353285,10.593604,7.829485,6.151556,11.331658,20.086452
112-1,112,1027,f1,11/11/2010,1,6/2/2012,3/21/2013,5/16/2014,421,1,1,0,0,3193,3193,33.7,161.3,42.7,106.2,75.1,157.32765,174.839676,119.121186,157.32765,163.367933,30.688658,33.831395,30.172386,30.406261,34.107981
112-2,112,1027,f1,11/11/2010,2,9/16/2013,7/21/2014,1/8/2016,536,1,1,0,0,3608,3608,201.2,22.2,1.9,12.1,28.5,248.538754,143.468382,194.997911,248.538754,228.495992,36.82973,30.156933,17.810381,10.943474,9.83416
113-1,113,1028,f1,11/14/2010,1,9/15/2012,6/30/2013,7/7/2014,372,1,1,0,0,2622,2622,106.2,75.1,0.6,8.3,57.5,224,163.367933,124.09277,224,225,30.406261,34.107981,30.156933,17.810381,10.943474
113-2,113,1028,f1,11/14/2010,2,12/11/2013,9/20/2014,7/21/2015,304,1.002,1,0,0,2948,2954,1.9,12.1,28.5,115.8,140.2,204.998524,248.538754,228.495992,204.998524,153.475103,17.810381,10.943474,9.83416,19.360589,31.033565
113-3,113,1028,f1,11/14/2010,3,1/15/2015,10/28/2015,8/4/2016,281,1.057,1,0,0,3144,3323,4.5,45.1,96.8,79.1,16.3,181.353285,273.122689,269.336288,181.353285,157.082374,7.829485,6.151556,11.331658,20.086452,15.719301
113-4,113,1028,f1,11/14/2010,4,7/31/2016,5/6/2017,12/20/2017,228,1.238,1,0,0,2360,2922,273.8,102.9,90.5,74.7,5.4,19.739858,111.283267,119.369186,19.739858,181.074738,40.939281,39.508021,40.018546,37.712208,31.195986
115-1,115,1031,f1,11/21/2010,1,9/21/2012,7/13/2013,3/13/2015,608,1,1,1,0,3571,3571,75.1,0.6,8.3,57.5,7.3,225,124.09277,224,225,124.159287,34.107981,30.156933,17.810381,10.943474,9.83416
116-1,116,1033,f1,11/24/2010,1,12/21/2013,10/5/2014,2/15/2016,498,1,4,0,0,4582,4582,12.1,28.5,115.8,140.2,156.7,153.475103,228.495992,204.998524,153.475103,115.426871,10.943474,9.83416,19.360589,31.033565,30.319325
116-2,116,1033,f1,11/24/2010,2,8/15/2015,6/1/2016,11/1/2017,518,1,3,0,0,4158,4158,33.4,48.6,40.7,4.6,19,194.639684,156.660464,178.601878,194.639684,209.441483,40.011884,38.780553,37.592718,30.77912,23.424803
117-1,117,1034,f1,11/28/2010,1,2/15/2013,12/4/2013,11/6/2014,337,1,6,0,0,3799,3799,127.1,86.4,93.3,135.3,100.2,117.320127,151.796259,145.493762,117.320127,96.111466,19.360589,31.033565,30.319325,25.41054,33.877781
117-2,117,1034,f1,11/28/2010,2,4/7/2014,1/15/2015,10/7/2015,265,1.1,2,0,0,3313,3644,140.2,156.7,34.8,87.5,166.8,165.790468,115.426871,160.822302,165.790468,152.302829,31.033565,30.319325,25.41054,28.050412,33.118921
117-3,117,1034,f1,11/28/2010,3,3/5/2015,12/15/2015,10/10/2016,300,1.01,1,0,0,3823,3861,96.8,79.1,16.3,134.7,14.2,240.959574,181.353285,157.082374,240.959574,153.970939,11.331658,20.086452,15.719301,18.099228,18.801456
117-4,117,1034,f1,11/28/2010,4,5/7/2016,2/16/2017,6/23/2018,492,1,1,0,0,4294,4294,163.4,210.4,160.6,273.8,102.9,127.815019,132.008991,138.869953,127.815019,111.283267,38.008819,39.336882,39.080238,40.939281,39.508021
118-1,118,1035,f1,12/27/2010,1,9/15/2012,5/29/2013,8/30/2014,458,1,3,0,0,3517,3517,42.7,106.2,75.1,0.6,8.3,124.09277,157.32765,163.367933,124.09277,224,30.172386,30.406261,34.107981,30.156933,17.810381
118-2,118,1035,f1,12/27/2010,2,4/7/2014,1/22/2015,10/7/2015,258,1.126,1,0,0,3462,3898,140.2,156.7,34.8,87.5,166.8,165.790468,115.426871,160.822302,165.790468,152.302829,31.033565,30.319325,25.41054,28.050412,33.118921
118-3,118,1035,f1,12/27/2010,3,4/8/2015,1/22/2016,4/28/2017,462,1,1,1,0,4267,4267,79.1,16.3,134.7,14.2,92.1,153.970939,157.082374,240.959574,153.970939,172.327754,20.086452,15.719301,18.099228,18.801456,34.59026
119-1,119,1101,f1,4/5/2011,1,8/17/2012,5/29/2013,9/18/2014,477,1,2,0,0,3959,3959,42.7,106.2,75.1,0.6,8.3,124.09277,157.32765,163.367933,124.09277,224,30.172386,30.406261,34.107981,30.156933,17.810381
121-1,121,1103,f1,4/9/2011,1,12/12/2012,9/19/2013,12/5/2014,442,1,1,0,0,3657,3657,8.3,57.5,7.3,127.1,86.4,78.841416,225,124.159287,78.841416,151.796259,17.810381,10.943474,9.83416,19.360589,31.033565
121-2,121,1103,f1,4/9/2011,2,7/17/2014,5/8/2015,6/7/2016,396,1,2,0,0,3926,3926,166.8,41.2,40.1,7.6,18.1,161.170368,130.743594,163.056247,161.170368,226.188808,33.118921,25.632203,20.728636,16.038856,10.593604
122-1,122,1104,f1,4/10/2011,1,8/30/2012,6/10/2013,9/18/2014,465,1,2,0,0,2809,2809,106.2,75.1,0.6,8.3,57.5,224,163.367933,124.09277,224,225,30.406261,34.107981,30.156933,17.810381,10.943474
123-1,123,1105,f1,4/13/2011,1,12/12/2012,9/24/2013,9/24/2014,365,1,1,0,0,2948,2948,8.3,57.5,7.3,127.1,86.4,78.841416,225,124.159287,78.841416,151.796259,17.810381,10.943474,9.83416,19.360589,31.033565
123-2,123,1105,f1,4/13/2011,2,10/24/2014,8/19/2015,8/4/2016,351,1,2,0,0,3593,3593,7.6,18.1,4.5,45.1,96.8,273.122689,226.188808,208.829276,273.122689,269.336288,16.038856,10.593604,7.829485,6.151556,11.331658
124-1,124,1106,f1,4/14/2011,1,1/9/2013,10/26/2013,10/17/2014,356,1,1,0,0,3188,3188,57.5,7.3,127.1,86.4,93.3,151.796259,124.159287,78.841416,151.796259,145.493762,10.943474,9.83416,19.360589,31.033565,30.319325
124-2,124,1106,f1,4/14/2011,2,6/3/2014,3/18/2015,1/15/2016,303,1.004,2,0,0,3631,3646,34.8,87.5,166.8,41.2,40.1,130.743594,165.790468,152.302829,130.743594,163.056247,25.41054,28.050412,33.118921,25.632203,20.728636
125-1,125,1107,f1,4/15/2011,1,5/2/2013,9/25/2013,9/18/2014,358,1,1,0,1,3376,3376,8.3,57.5,7.3,127.1,86.4,78.841416,225,124.159287,78.841416,151.796259,17.810381,10.943474,9.83416,19.360589,31.033565
127-1,127,1109,f1,4/24/2011,1,9/1/2014,10/20/2014,8/28/2015,312,1,1,0,0,2852,2852,12.1,28.5,115.8,140.2,156.7,153.475103,228.495992,204.998524,153.475103,115.426871,10.943474,9.83416,19.360589,31.033565,30.319325
127-2,127,1109,f1,4/24/2011,2,3/5/2015,12/17/2015,9/16/2016,274,1.072,1,0,0,3345,3586,96.8,79.1,16.3,134.7,14.2,240.959574,181.353285,157.082374,240.959574,153.970939,11.331658,20.086452,15.719301,18.099228,18.801456
128-1,128,1110,f1,5/12/2011,1,1/31/2013,11/8/2013,9/24/2014,320,1,1,0,0,3022,3022,7.3,127.1,86.4,93.3,135.3,145.493762,78.841416,151.796259,145.493762,117.320127,9.83416,19.360589,31.033565,30.319325,25.41054
130-1,130,1113,f1,5/23/2011,1,2/15/2013,11/25/2013,9/24/2014,303,1.004,3,0,0,3403,3417,7.3,127.1,86.4,93.3,135.3,145.493762,78.841416,151.796259,145.493762,117.320127,9.83416,19.360589,31.033565,30.319325,25.41054
130-2,130,1113,f1,5/23/2011,2,3/5/2014,12/15/2014,9/21/2015,280,1.06,1,1,0,3272,3468,115.8,140.2,156.7,34.8,87.5,160.822302,153.475103,115.426871,160.822302,165.790468,19.360589,31.033565,30.319325,25.41054,28.050412
130-3,130,1113,f1,5/23/2011,3,4/13/2015,1/25/2016,10/10/2016,259,1.123,2,0,0,2824,3171,79.1,16.3,134.7,14.2,92.1,153.970939,157.082374,240.959574,153.970939,172.327754,20.086452,15.719301,18.099228,18.801456,34.59026
131-1,131,1115,f1,6/24/2011,1,10/19/2013,7/28/2014,5/13/2015,289,1.033,2,0,0,3395,3507,201.2,22.2,1.9,12.1,28.5,248.538754,143.468382,194.997911,248.538754,228.495992,36.82973,30.156933,17.810381,10.943474,9.83416
131-2,131,1115,f1,6/24/2011,2,10/11/2014,7/18/2015,12/28/2016,529,1,1,0,0,3244,3244,40.1,7.6,18.1,4.5,45.1,208.829276,161.170368,226.188808,208.829276,273.122689,20.728636,16.038856,10.593604,7.829485,6.151556
132-1,132,1116,f1,6/27/2011,1,4/16/2013,1/18/2014,12/30/2014,346,1,1,0,0,3288,3288,86.4,93.3,135.3,100.2,185.2,96.111466,145.493762,117.320127,96.111466,107.842418,31.033565,30.319325,25.41054,33.877781,37.902487
132-2,132,1116,f1,6/27/2011,2,11/2/2014,8/13/2015,10/25/2016,439,1,2,0,0,3758,3758,7.6,18.1,4.5,45.1,96.8,273.122689,226.188808,208.829276,273.122689,269.336288,16.038856,10.593604,7.829485,6.151556,11.331658
132-3,132,1116,f1,6/27/2011,3,4/26/2016,2/3/2017,7/2/2018,514,1,1,1,0,3973,3973,163.4,210.4,160.6,273.8,102.9,127.815019,132.008991,138.869953,127.815019,111.283267,38.008819,39.336882,39.080238,40.939281,39.508021
133-1,133,1117,f1,10/1/2011,1,2/13/2014,12/7/2014,3/2/2016,451,1,2,0,0,4048,4048,115.8,140.2,156.7,34.8,87.5,160.822302,153.475103,115.426871,160.822302,165.790468,19.360589,31.033565,30.319325,25.41054,28.050412
133-2,133,1117,f1,10/1/2011,2,6/30/2015,5/3/2016,3/28/2017,329,1,2,0,0,3342,3342,92.1,33.4,48.6,40.7,4.6,178.601878,142.405559,156.660464,178.601878,194.639684,34.59026,40.011884,38.780553,37.592718,30.77912
134-1,134,1118,f1,10/16/2011,1,3/27/2014,1/8/2015,12/3/2015,329,1,4,0,0,3678,3678,140.2,156.7,34.8,87.5,166.8,165.790468,115.426871,160.822302,165.790468,152.302829,31.033565,30.319325,25.41054,28.050412,33.118921
134-2,134,1118,f1,10/16/2011,2,7/26/2015,5/3/2016,4/28/2017,360,1,2,0,0,3320,3320,92.1,33.4,48.6,40.7,4.6,178.601878,142.405559,156.660464,178.601878,194.639684,34.59026,40.011884,38.780553,37.592718,30.77912
136-1,136,1120,f1,10/23/2011,1,7/18/2014,3/20/2015,12/3/2015,258,1.126,3,0,0,2910,3277,34.8,87.5,166.8,41.2,40.1,130.743594,165.790468,152.302829,130.743594,163.056247,25.41054,28.050412,33.118921,25.632203,20.728636
136-2,136,1120,f1,10/23/2011,2,4/23/2015,2/2/2016,4/28/2017,451,1,1,0,0,3915,3915,16.3,134.7,14.2,92.1,33.4,172.327754,240.959574,153.970939,172.327754,142.405559,15.719301,18.099228,18.801456,34.59026,40.011884
137-1,137,1121,f1,10/23/2011,1,11/27/2013,9/7/2014,5/13/2015,248,1.158,1,0,0,3103,3593,1.9,12.1,28.5,115.8,140.2,204.998524,248.538754,228.495992,204.998524,153.475103,17.810381,10.943474,9.83416,19.360589,31.033565
137-2,137,1121,f1,10/23/2011,2,10/23/2014,8/8/2015,9/16/2016,405,1,1,0,0,3872,3872,7.6,18.1,4.5,45.1,96.8,273.122689,226.188808,208.829276,273.122689,269.336288,16.038856,10.593604,7.829485,6.151556,11.331658
137-3,137,1121,f1,10/23/2011,3,5/11/2016,2/20/2017,7/2/2018,497,1,1,0,0,4142,4142,163.4,210.4,160.6,273.8,102.9,127.815019,132.008991,138.869953,127.815019,111.283267,38.008819,39.336882,39.080238,40.939281,39.508021
138-1,138,1123,f1,10/25/2011,1,10/8/2013,7/18/2014,8/28/2015,406,1,1,0,0,4018,4018,201.2,22.2,1.9,12.1,28.5,248.538754,143.468382,194.997911,248.538754,228.495992,36.82973,30.156933,17.810381,10.943474,9.83416
138-2,138,1123,f1,10/25/2011,2,1/12/2015,10/18/2015,11/22/2016,401,1,1,0,0,5410,5410,4.5,45.1,96.8,79.1,16.3,181.353285,273.122689,269.336288,181.353285,157.082374,7.829485,6.151556,11.331658,20.086452,15.719301
138-3,138,1123,f1,10/25/2011,3,4/12/2016,1/17/2017,5/4/2018,472,1,1,0,0,5088,5088,65.3,163.4,210.4,160.6,273.8,138.869953,165.223938,132.008991,138.869953,127.815019,35.498488,38.008819,39.336882,39.080238,40.939281
139-1,139,1124,f3 ,10/27/2011,1,11/14/2013,8/24/2014,9/21/2015,393,1,1,0,0,3320,3320,22.2,1.9,12.1,28.5,115.8,228.495992,194.997911,248.538754,228.495992,204.998524,30.156933,17.810381,10.943474,9.83416,19.360589
139-2,139,1124,f3 ,10/27/2011,2,2/15/2015,11/27/2015,10/10/2016,318,1,2,0,0,3764,3764,45.1,96.8,79.1,16.3,134.7,157.082374,269.336288,181.353285,157.082374,240.959574,6.151556,11.331658,20.086452,15.719301,18.099228
139-3,139,1124,f3 ,10/27/2011,3,5/24/2016,2/27/2017,5/18/2018,445,1,1,0,0,3724,3724,163.4,210.4,160.6,273.8,102.9,127.815019,132.008991,138.869953,127.815019,111.283267,38.008819,39.336882,39.080238,40.939281,39.508021
140-1,140,1125,f1,10/28/2011,1,12/11/2013,9/15/2014,5/13/2015,240,1.19,1,0,0,2894,3444,1.9,12.1,28.5,115.8,140.2,204.998524,248.538754,228.495992,204.998524,153.475103,17.810381,10.943474,9.83416,19.360589,31.033565
140-2,140,1125,f1,10/28/2011,2,10/16/2014,7/29/2015,4/28/2017,639,1,1,0,0,3904,3904,40.1,7.6,18.1,4.5,45.1,208.829276,161.170368,226.188808,208.829276,273.122689,20.728636,16.038856,10.593604,7.829485,6.151556
141-1,141,1126,f2,10/29/2011,1,12/5/2014,9/20/2015,5/17/2016,240,1.19,5,0,0,3401,4047,18.1,4.5,45.1,96.8,79.1,269.336288,208.829276,273.122689,269.336288,181.353285,10.593604,7.829485,6.151556,11.331658,20.086452
141-2,141,1126,f2,10/29/2011,2,11/6/2015,9/20/2016,9/28/2017,373,1,1,0,0,3063,3063,4.6,19,57,136.2,65.3,209.458354,209.441483,275.126145,209.458354,152.85069,30.77912,23.424803,18.522819,32.669424,35.498488
142-1,142,1127,f1,11/12/2011,1,2/13/2014,12/3/2014,10/15/2015,316,1,1,0,0,4472,4472,115.8,140.2,156.7,34.8,87.5,160.822302,153.475103,115.426871,160.822302,165.790468,19.360589,31.033565,30.319325,25.41054,28.050412
142-2,142,1127,f1,11/12/2011,2,3/5/2015,12/20/2015,12/8/2016,354,1,1,0,0,4444,4444,96.8,79.1,16.3,134.7,14.2,240.959574,181.353285,157.082374,240.959574,153.970939,11.331658,20.086452,15.719301,18.099228,18.801456
142-3,142,1127,f1,11/12/2011,3,4/26/2016,2/8/2017,7/13/2018,520,1,1,0,0,4906,4906,163.4,210.4,160.6,273.8,102.9,127.815019,132.008991,138.869953,127.815019,111.283267,38.008819,39.336882,39.080238,40.939281,39.508021
143-1,143,1128,f1,11/17/2011,1,2/13/2014,11/19/2014,6/25/2015,218,1.28,1,0,0,3020,3866,28.5,115.8,140.2,156.7,34.8,115.426871,204.998524,153.475103,115.426871,160.822302,9.83416,19.360589,31.033565,30.319325,25.41054
143-2,143,1128,f1,11/17/2011,2,11/7/2015,7/18/2016,3/10/2017,235,1.21,1,0,0,2626,3177,48.6,40.7,4.6,19,57,209.441483,178.601878,194.639684,209.441483,275.126145,38.780553,37.592718,30.77912,23.424803,18.522819
144-1,144,1129,f1,11/20/2011,1,10/10/2013,7/20/2014,8/28/2015,404,1,1,0,0,3934,3934,201.2,22.2,1.9,12.1,28.5,248.538754,143.468382,194.997911,248.538754,228.495992,36.82973,30.156933,17.810381,10.943474,9.83416
144-2,144,1129,f1,11/20/2011,2,1/25/2015,11/3/2015,12/28/2016,421,1,2,0,0,4152,4152,45.1,96.8,79.1,16.3,134.7,157.082374,269.336288,181.353285,157.082374,240.959574,6.151556,11.331658,20.086452,15.719301,18.099228
145-1,145,1130,f1,11/22/2011,1,2/13/2014,11/22/2014,9/21/2015,303,1.004,2,0,0,3439,3453,28.5,115.8,140.2,156.7,34.8,115.426871,204.998524,153.475103,115.426871,160.822302,9.83416,19.360589,31.033565,30.319325,25.41054
149-1,149,1134,f1,12/30/2011,1,6/11/2014,2/18/2015,12/3/2015,288,1.036,4,0,0,3372,3493,156.7,34.8,87.5,166.8,41.2,152.302829,160.822302,165.790468,152.302829,130.743594,30.319325,25.41054,28.050412,33.118921,25.632203
149-2,149,1134,f1,12/30/2011,2,5/11/2015,2/19/2016,4/28/2017,434,1,2,0,0,3749,3749,16.3,134.7,14.2,92.1,33.4,172.327754,240.959574,153.970939,172.327754,142.405559,15.719301,18.099228,18.801456,34.59026,40.011884
150-1,150,1201,f2,4/13/2012,1,10/25/2014,8/3/2014,7/21/2015,352,1,1,0,0,3285,3285,22.2,1.9,12.1,28.5,115.8,228.495992,194.997911,248.538754,228.495992,204.998524,30.156933,17.810381,10.943474,9.83416,19.360589
150-2,150,1201,f2,4/13/2012,2,2/19/2015,11/22/2015,4/20/2017,515,1,1,0,0,3732,3732,45.1,96.8,79.1,16.3,134.7,157.082374,269.336288,181.353285,157.082374,240.959574,6.151556,11.331658,20.086452,15.719301,18.099228
151-1,151,1202,f1,4/19/2012,1,6/7/2014,3/18/2015,3/2/2016,350,1,2,0,0,3788,3788,34.8,87.5,166.8,41.2,40.1,130.743594,165.790468,152.302829,130.743594,163.056247,25.41054,28.050412,33.118921,25.632203,20.728636
151-2,151,1202,f1,4/19/2012,2,7/28/2015,4/27/2016,2/23/2017,302,1.006,1,0,0,3460,3481,14.2,92.1,33.4,48.6,40.7,156.660464,172.327754,142.405559,156.660464,178.601878,18.801456,34.59026,40.011884,38.780553,37.592718
152-1,152,1203,f1,4/21/2012,1,6/6/2014,3/21/2015,5/4/2016,410,1,2,0,0,4468,4468,34.8,87.5,166.8,41.2,40.1,130.743594,165.790468,152.302829,130.743594,163.056247,25.41054,28.050412,33.118921,25.632203,20.728636
152-2,152,1203,f1,4/21/2012,2,11/27/2015,9/4/2016,7/17/2017,316,1,3,0,0,4309,4309,4.6,19,57,136.2,65.3,209.458354,209.441483,275.126145,209.458354,152.85069,30.77912,23.424803,18.522819,32.669424,35.498488
153-1,153,1204,f1,4/26/2012,1,9/12/2014,6/24/2015,8/4/2016,407,1,1,0,0,3497,3497,41.2,40.1,7.6,18.1,4.5,226.188808,163.056247,161.170368,226.188808,208.829276,25.632203,20.728636,16.038856,10.593604,7.829485
153-2,153,1204,f1,4/26/2012,2,5/11/2016,2/17/2017,4/28/2018,435,1,3,0,0,3528,3528,163.4,210.4,160.6,273.8,102.9,127.815019,132.008991,138.869953,127.815019,111.283267,38.008819,39.336882,39.080238,40.939281,39.508021
154-1,154,1205,f1,4/27/2012,1,7/18/2014,5/5/2015,7/15/2016,437,1,2,0,0,4141,4141,166.8,41.2,40.1,7.6,18.1,161.170368,130.743594,163.056247,161.170368,226.188808,33.118921,25.632203,20.728636,16.038856,10.593604
154-2,154,1205,f1,4/27/2012,2,12/1/2015,9/19/2016,11/1/2017,408,1,1,0,0,3565,3565,4.6,19,57,136.2,65.3,209.458354,209.441483,275.126145,209.458354,152.85069,30.77912,23.424803,18.522819,32.669424,35.498488
156-1,156,1209,f1,5/21/2012,1,5/13/2015,2/29/2016,6/13/2017,470,1,3,0,0,4236,4236,16.3,134.7,14.2,92.1,33.4,172.327754,240.959574,153.970939,172.327754,142.405559,15.719301,18.099228,18.801456,34.59026,40.011884
157-1,157,1210,f2,5/22/2012,1,7/28/2014,5/12/2015,1/24/2017,623,1,1,0,0,3634,3634,166.8,41.2,40.1,7.6,18.1,161.170368,130.743594,163.056247,161.170368,226.188808,33.118921,25.632203,20.728636,16.038856,10.593604
158-1,158,1211,f3 ,6/3/2012,1,9/26/2014,7/1/2015,3/2/2016,245,1.17,2,0,0,2635,3083,40.1,7.6,18.1,4.5,45.1,208.829276,161.170368,226.188808,208.829276,273.122689,20.728636,16.038856,10.593604,7.829485,6.151556
158-2,158,1211,f3 ,6/3/2012,2,7/26/2015,5/1/2016,4/20/2017,354,1,1,0,0,3413,3413,92.1,33.4,48.6,40.7,4.6,178.601878,142.405559,156.660464,178.601878,194.639684,34.59026,40.011884,38.780553,37.592718,30.77912
159-1,159,1212,f1,6/12/2012,1,8/27/2014,6/8/2015,10/25/2016,505,1,1,0,0,3299,3299,41.2,40.1,7.6,18.1,4.5,226.188808,163.056247,161.170368,226.188808,208.829276,25.632203,20.728636,16.038856,10.593604,7.829485
159-2,159,1212,f1,6/12/2012,2,5/24/2016,3/1/2017,9/12/2017,195,1.41,1,0,0,2509,3538,210.4,160.6,273.8,102.9,90.5,111.283267,138.869953,127.815019,111.283267,119.369186,39.336882,39.080238,40.939281,39.508021,40.018546
160-1,160,1213,f1,6/16/2012,1,9/26/2014,7/7/2015,10/10/2016,461,1,1,0,0,4248,4248,40.1,7.6,18.1,4.5,45.1,208.829276,161.170368,226.188808,208.829276,273.122689,20.728636,16.038856,10.593604,7.829485,6.151556
160-2,160,1213,f1,6/16/2012,2,5/24/2016,2/28/2017,7/14/2018,501,1,2,0,0,5368,5368,163.4,210.4,160.6,273.8,102.9,127.815019,132.008991,138.869953,127.815019,111.283267,38.008819,39.336882,39.080238,40.939281,39.508021
161-1,161,1214,f1,7/4/2012,1,5/12/2014,2/21/2015,12/19/2015,301,1.008,1,0,0,3879,3910,156.7,34.8,87.5,166.8,41.2,152.302829,160.822302,165.790468,152.302829,130.743594,30.319325,25.41054,28.050412,33.118921,25.632203
161-2,161,1214,f1,7/4/2012,2,5/11/2015,2/17/2016,4/20/2017,428,1,2,0,0,4235,4235,16.3,134.7,14.2,92.1,33.4,172.327754,240.959574,153.970939,172.327754,142.405559,15.719301,18.099228,18.801456,34.59026,40.011884
162-1,162,1215,f1,7/7/2012,1,8/27/2014,5/1/2015,9/16/2016,504,1,2,0,0,3938,3938,166.8,41.2,40.1,7.6,18.1,161.170368,130.743594,163.056247,161.170368,226.188808,33.118921,25.632203,20.728636,16.038856,10.593604
162-2,162,1215,f1,7/7/2012,2,3/14/2016,12/23/2016,9/28/2017,279,1.062,2,1,0,4300,4567,136.2,65.3,163.4,210.4,160.6,132.008991,152.85069,165.223938,132.008991,138.869953,32.669424,35.498488,38.008819,39.336882,39.080238
163-1,163,1216,f1,7/8/2012,1,9/19/2014,3/27/2015,9/16/2016,539,1,2,0,0,4045,4045,34.8,87.5,166.8,41.2,40.1,130.743594,165.790468,152.302829,130.743594,163.056247,25.41054,28.050412,33.118921,25.632203,20.728636
165-1,165,1218,f2,8/1/2012,1,3/18/2015,12/27/2015,7/17/2017,568,1,2,0,0,3805,3805,96.8,79.1,16.3,134.7,14.2,240.959574,181.353285,157.082374,240.959574,153.970939,11.331658,20.086452,15.719301,18.099228,18.801456
166-1,166,1219,f2,8/2/2012,1,11/20/2014,9/1/2015,8/4/2017,703,1,1,0,0,3200,3200,18.1,4.5,45.1,96.8,79.1,269.336288,208.829276,273.122689,269.336288,181.353285,10.593604,7.829485,6.151556,11.331658,20.086452
167-1,167,1225,f1,10/9/2012,1,3/18/2015,12/26/2015,7/13/2016,200,1.38,1,0,0,2489,3435,96.8,79.1,16.3,134.7,14.2,240.959574,181.353285,157.082374,240.959574,153.970939,11.331658,20.086452,15.719301,18.099228,18.801456
169-1,169,1227,f1,10/24/2012,1,3/18/2015,1/3/2016,3/10/2017,432,1,2,0,0,3688,3688,79.1,16.3,134.7,14.2,92.1,153.970939,157.082374,240.959574,153.970939,172.327754,20.086452,15.719301,18.099228,18.801456,34.59026
172-1,172,1230,f2,12/9/2012,1,8/3/2015,5/5/2016,8/4/2017,456,1,1,0,0,2889,2889,92.1,33.4,48.6,40.7,4.6,178.601878,142.405559,156.660464,178.601878,194.639684,34.59026,40.011884,38.780553,37.592718,30.77912
173-1,173,1231,f1,12/19/2012,1,3/18/2015,12/28/2015,10/25/2016,302,1.006,1,0,0,2950,2968,96.8,79.1,16.3,134.7,14.2,240.959574,181.353285,157.082374,240.959574,153.970939,11.331658,20.086452,15.719301,18.099228,18.801456
173-2,173,1231,f1,12/19/2012,2,3/16/2016,12/28/2016,5/21/2018,509,1,1,0,0,3091,3091,136.2,65.3,163.4,210.4,160.6,132.008991,152.85069,165.223938,132.008991,138.869953,32.669424,35.498488,38.008819,39.336882,39.080238
174-1,174,1302,f1,1/22/2013,1,6/17/2015,4/8/2016,6/13/2017,431,1,2,0,0,3296,3296,14.2,92.1,33.4,48.6,40.7,156.660464,172.327754,142.405559,156.660464,178.601878,18.801456,34.59026,40.011884,38.780553,37.592718
175-1,175,1303,f2,1/24/2013,1,3/18/2015,12/28/2015,3/10/2017,438,1,1,0,0,3356,3356,96.8,79.1,16.3,134.7,14.2,240.959574,181.353285,157.082374,240.959574,153.970939,11.331658,20.086452,15.719301,18.099228,18.801456
176-1,176,1306,f1,4/1/2013,1,7/8/2015,4/10/2016,1/24/2017,289,1.033,2,0,0,2609,2695,14.2,92.1,33.4,48.6,40.7,156.660464,172.327754,142.405559,156.660464,178.601878,18.801456,34.59026,40.011884,38.780553,37.592718
177-1,177,1307,f2,4/1/2013,1,3/18/2015,12/21/2015,1/27/2017,403,1,2,0,0,3251,3251,96.8,79.1,16.3,134.7,14.2,240.959574,181.353285,157.082374,240.959574,153.970939,11.331658,20.086452,15.719301,18.099228,18.801456
178-1,178,1308,f2,4/1/2013,1,7/8/2015,4/21/2016,3/28/2017,341,1,2,0,0,2981,2981,14.2,92.1,33.4,48.6,40.7,156.660464,172.327754,142.405559,156.660464,178.601878,18.801456,34.59026,40.011884,38.780553,37.592718
180-1,180,1311,f1,5/7/2013,1,3/11/2015,12/27/2015,6/13/2017,534,1,2,0,0,3041,3041,96.8,79.1,16.3,134.7,14.2,240.959574,181.353285,157.082374,240.959574,153.970939,11.331658,20.086452,15.719301,18.099228,18.801456
181-1,181,1312,f1,5/14/2013,1,3/13/2015,12/28/2015,8/18/2017,599,1,1,0,0,3195,3195,96.8,79.1,16.3,134.7,14.2,240.959574,181.353285,157.082374,240.959574,153.970939,11.331658,20.086452,15.719301,18.099228,18.801456
182-1,182,1313,f2,5/19/2013,1,3/18/2015,1/1/2016,10/25/2016,298,1.014,1,0,0,2217,2248,79.1,16.3,134.7,14.2,92.1,153.970939,157.082374,240.959574,153.970939,172.327754,20.086452,15.719301,18.099228,18.801456,34.59026
183-1,183,1314,f1,6/17/2013,1,3/18/2015,12/21/2015,1/27/2017,403,1,1,0,0,3461,3461,96.8,79.1,16.3,134.7,14.2,240.959574,181.353285,157.082374,240.959574,153.970939,11.331658,20.086452,15.719301,18.099228,18.801456
184-1,184,1315,f2,6/17/2013,1,4/28/2016,2/9/2017,9/28/2017,231,1.226,1,0,0,2678,3283,163.4,210.4,160.6,273.8,102.9,127.815019,132.008991,138.869953,127.815019,111.283267,38.008819,39.336882,39.080238,40.939281,39.508021
185-1,185,1317,f2,6/29/2013,1,6/17/2015,3/23/2016,1/24/2017,307,1,1,0,0,2965,2965,134.7,14.2,92.1,33.4,48.6,142.405559,153.970939,172.327754,142.405559,156.660464,18.099228,18.801456,34.59026,40.011884,38.780553
186-1,186,1318,f2,7/7/2013,1,5/6/2015,2/16/2016,1/27/2017,346,1,1,0,0,3116,3116,16.3,134.7,14.2,92.1,33.4,172.327754,240.959574,153.970939,172.327754,142.405559,15.719301,18.099228,18.801456,34.59026,40.011884
186-2,186,1318,f2,7/7/2013,2,7/31/2016,5/16/2017,11/1/2017,169,1.589,1,0,0,1530,2431,273.8,102.9,90.5,74.7,5.4,19.739858,111.283267,119.369186,19.739858,181.074738,40.939281,39.508021,40.018546,37.712208,31.195986
188-1,188,1320,f3 ,8/6/2013,1,2/11/2016,11/9/2016,9/12/2017,307,1,2,0,0,3671,3671,57,136.2,65.3,163.4,210.4,165.223938,209.458354,152.85069,165.223938,132.008991,18.522819,32.669424,35.498488,38.008819,39.336882
192-1,192,1327,f2,9/4/2013,1,5/19/2016,2/26/2017,8/4/2017,159,1.68,1,0,0,1793,3012,163.4,210.4,160.6,273.8,102.9,127.815019,132.008991,138.869953,127.815019,111.283267,38.008819,39.336882,39.080238,40.939281,39.508021
193-1,193,1328,f1,9/7/2013,1,4/27/2016,1/29/2017,4/12/2018,438,1,2,0,0,3826,3826,65.3,163.4,210.4,160.6,273.8,138.869953,165.223938,132.008991,138.869953,127.815019,35.498488,38.008819,39.336882,39.080238,40.939281
194-1,194,1329,f1,10/9/2013,1,1/21/2016,11/5/2016,9/12/2017,311,1,1,0,0,3534,3534,57,136.2,65.3,163.4,210.4,165.223938,209.458354,152.85069,165.223938,132.008991,18.522819,32.669424,35.498488,38.008819,39.336882
195-1,195,1331,f1,10/26/2013,1,11/11/2015,8/21/2016,3/10/2017,201,1.374,1,0,0,2114,2905,40.7,4.6,19,57,136.2,275.126145,194.639684,209.441483,275.126145,209.458354,37.592718,30.77912,23.424803,18.522819,32.669424
196-1,196,1333,f2,11/13/2013,1,4/26/2016,1/29/2017,11/1/2017,276,1.068,3,1,0,2979,3182,65.3,163.4,210.4,160.6,273.8,138.869953,165.223938,132.008991,138.869953,127.815019,35.498488,38.008819,39.336882,39.080238,40.939281
197-1,197,1334,f1,11/18/2013,1,5/19/2016,2/27/2017,12/29/2017,305,1,1,0,0,3650,3650,163.4,210.4,160.6,273.8,102.9,127.815019,132.008991,138.869953,127.815019,111.283267,38.008819,39.336882,39.080238,40.939281,39.508021
199-1,199,1401,f1,1/13/2014,1,5/19/2016,2/21/2017,12/23/2017,305,1,1,0,0,3515,3515,163.4,210.4,160.6,273.8,102.9,127.815019,132.008991,138.869953,127.815019,111.283267,38.008819,39.336882,39.080238,40.939281,39.508021
200-1,200,1403,f2,1/18/2014,1,5/19/2016,1/21/2017,9/28/2017,250,1.15,2,0,0,2895,3329,65.3,163.4,210.4,160.6,273.8,138.869953,165.223938,132.008991,138.869953,127.815019,35.498488,38.008819,39.336882,39.080238,40.939281
201-1,201,1405,f1,1/29/2014,1,3/9/2016,12/18/2016,11/1/2017,318,1,1,0,0,3208,3208,136.2,65.3,163.4,210.4,160.6,132.008991,152.85069,165.223938,132.008991,138.869953,32.669424,35.498488,38.008819,39.336882,39.080238
202-1,202,1407,f1,2/28/2014,1,1/12/2016,10/24/2016,11/1/2017,373,1,1,1,0,3124,3124,19,57,136.2,65.3,163.4,152.85069,275.126145,209.458354,152.85069,165.223938,23.424803,18.522819,32.669424,35.498488,38.008819
203-1,203,1410,f2,3/24/2014,1,4/19/2016,2/1/2017,3/24/2017,51,4.862,1,0,0,695,3379,163.4,210.4,160.6,273.8,102.9,127.815019,132.008991,138.869953,127.815019,111.283267,38.008819,39.336882,39.080238,40.939281,39.508021
204-1,204,1411,f1,4/11/2014,1,4/12/2016,1/23/2017,1/4/2018,346,1,1,0,0,3315,3315,65.3,163.4,210.4,160.6,273.8,138.869953,165.223938,132.008991,138.869953,127.815019,35.498488,38.008819,39.336882,39.080238,40.939281
205-1,205,1413,f2,5/8/2014,1,3/17/2016,12/23/2016,7/11/2018,565,1,1,0,0,3143,3143,136.2,65.3,163.4,210.4,160.6,132.008991,152.85069,165.223938,132.008991,138.869953,32.669424,35.498488,38.008819,39.336882,39.080238
